{
  "train_losses": [
    1.6459849787573528,
    1.2665826622237506,
    1.1926283235223885,
    1.1572158341733818,
    1.1305404468479319,
    1.1199970281022227,
    1.1007430375131786,
    1.087495039161454,
    1.0802230885905078,
    1.0728593494138148,
    1.06613527607714,
    1.0618482817951431,
    1.0501491412138328,
    1.0543808111777673,
    1.0455269538439238,
    1.0416089388040395,
    1.0340670897410467,
    1.0283356084782853,
    1.0300229446500795,
    1.0192928823650393,
    1.0164833303190703,
    1.0204873696351662,
    1.0167157497161474,
    1.0149724911420772,
    1.0109828150170481,
    1.012878037416018,
    0.995745368492909,
    1.0038996522243206,
    0.9982993938984015,
    0.9894065383153084,
    0.9912867627592168,
    0.999031651733268,
    1.0046708298544598,
    0.991992804229769,
    0.9883002068242456,
    0.9922469436612904,
    0.9848476551536821,
    0.9940060667502575,
    0.9697402547567319,
    0.9625881263333508,
    0.9604831928880806,
    0.9590102067360511,
    0.966948068040049,
    0.9483213867896643,
    0.9608372974599528,
    0.9536054781359485,
    0.9584527000402793,
    0.9637116046033354,
    0.9634878406157861,
    0.9625110361311171
  ],
  "test_losses": [
    1.2351351563747113,
    1.1293849005148962,
    1.0775108772974749,
    1.0634503731360803,
    1.037166267633438,
    1.0241936857883747,
    1.0266979474287767,
    1.0032368577443636,
    1.0271289669550383,
    1.006412923336029,
    1.0032758162571833,
    1.0011119704980116,
    0.9981730557405032,
    0.9841507260616009,
    0.9936257302761078,
    0.9838059338239523,
    0.9931934613447922,
    0.9903818529385787,
    0.9838895728954902,
    0.9897883396882278,
    0.9846261327083294,
    0.9780317476162543,
    0.9837891230216393,
    0.9853220857106723,
    0.9826145974489359,
    0.9834412450973804,
    0.9750058994843409,
    0.9894576210242051,
    0.9799234408598679,
    0.9793050220379462,
    0.9770871653006628,
    0.9752262716109936,
    0.9816254881712106,
    0.9794694162332095,
    0.9938671909845792,
    0.9770104266130007,
    0.9774890771278968,
    0.9784294825333816,
    0.9807211527457604,
    0.9793945413369399,
    0.972373155447153,
    0.9627514068896954,
    0.9718214709025162,
    0.977434889628337,
    0.9721981287002563,
    0.9707348025762118,
    0.9707532181189611,
    0.9727233487826127,
    0.9740809958714706,
    0.9722620913615594
  ]
}