{
  "overall_acc": 0.7458396553993225,
  "precision": 0.7273299748110831,
  "recall": 0.8960434445306439,
  "f1": 0.802919708029197,
  "tp": 1155,
  "fp": 433,
  "fn": 134,
  "tn": 1583,
  "per_class": {
    "A0101_pos.txt": {
      "accuracy": 0.7795275449752808,
      "n": 127
    },
    "A0201_pos.txt": {
      "accuracy": 0.50957852602005,
      "n": 261
    },
    "A0203_pos.txt": {
      "accuracy": 0.6666666865348816,
      "n": 183
    },
    "A0207_pos.txt": {
      "accuracy": 0.7099697589874268,
      "n": 331
    },
    "A0301_pos.txt": {
      "accuracy": 0.5481927990913391,
      "n": 166
    },
    "A2402_pos.txt": {
      "accuracy": 0.9140271544456482,
      "n": 221
    },
    "negs.txt": {
      "accuracy": 0.7852182388305664,
      "n": 2016
    }
  }
}