{
  "train_losses": [
    1.5869388152391484,
    1.2786115810402439,
    1.204234760031741,
    1.1787059597479992,
    1.1431016443122146,
    1.1179497155368838,
    1.0984541957194989,
    1.0845266682469947,
    1.0666892289096475,
    1.0623655487329533,
    1.0438065559436114,
    1.036626509621612,
    1.0352260506051219,
    1.0115808406446734,
    1.0110020377697089,
    1.0022865880248892,
    0.985870133098374,
    0.9814769376037468,
    0.9788768362795186,
    0.9777345015452459,
    0.952538629882356,
    0.9562675336487273,
    0.9522220314058483,
    0.9295982871300135,
    0.9381296726373526,
    0.919887825464591,
    0.912740198465494,
    0.8959517718380333,
    0.8648057875470219,
    0.8630702750295656,
    0.864436649868631,
    0.8509128256740733,
    0.8482097784678141,
    0.8443348998697395,
    0.8504547303558415,
    0.840863234976418,
    0.8451948181176797,
    0.8311655842340909,
    0.8407143053845463,
    0.8316752477588817,
    0.83471589618259,
    0.8213067773060921,
    0.8265173638987745,
    0.8043593107125698,
    0.7967624098826678,
    0.8008941473105015,
    0.802925377829462,
    0.8026674440783313,
    0.8005359493769132,
    0.792042284949213,
    0.784147899884444,
    0.7929427221290066,
    0.7874817165554079,
    0.7841378251711527,
    0.7896623616544609,
    0.7772353984351851,
    0.7790373956036364,
    0.7859687277903924,
    0.7783497352885385,
    0.7672530667394655,
    0.7707187441679147,
    0.7640559072168465,
    0.7693333513716347,
    0.7581008779696929,
    0.7647982356894729,
    0.7668485498835897,
    0.7600146746024107,
    0.7673779985843561,
    0.7649044384304274,
    0.7653784201695368,
    0.7680882317388159,
    0.7599786662647867,
    0.7551319711228721,
    0.7543517865686336,
    0.7485200457083874,
    0.7504767724591442,
    0.7516520736563919,
    0.7518534823360606,
    0.7534876200887892,
    0.7486263401487954,
    0.7485544482866923,
    0.7432205473255907,
    0.7633969569817568,
    0.7619746617781811,
    0.7513700433266468,
    0.7513930227002527,
    0.7524450039252256,
    0.7560452324712378,
    0.7497610495640681,
    0.7399080535794935,
    0.7395399284159017,
    0.754136824200296,
    0.7391162677707835,
    0.7342976372466128,
    0.746660932006999,
    0.7391982068363417,
    0.7470584593267522,
    0.7528555739639152,
    0.744094173113505,
    0.7403523066104987
  ],
  "test_losses": [
    1.2393436065086951,
    1.1416139579736269,
    1.1189416303084447,
    1.1068413647321553,
    1.0954264402389526,
    1.0841469902258654,
    1.0812603945915515,
    1.0657393794793348,
    1.0732748347979326,
    1.0807286478005922,
    1.0611734550732832,
    1.0826354599916017,
    1.0651283539258516,
    1.0768701342435985,
    1.077254707996662,
    1.0777511619604552,
    1.0720276832580566,
    1.08228560594412,
    1.0851701543881342,
    1.089158106308717,
    1.1081436826632574,
    1.081904452580672,
    1.0882621728456938,
    1.104940836246197,
    1.090085513316668,
    1.0802772457783039,
    1.1039231029840617,
    1.080830184312967,
    1.0839507763202374,
    1.0901888081660638,
    1.0937312658016498,
    1.1057440386368678,
    1.1082610831810877,
    1.1066556160266583,
    1.102145683306914,
    1.1092605224022498,
    1.1027643841046553,
    1.116606402855653,
    1.115257407610233,
    1.1178947068177736,
    1.1197382051211138,
    1.1233169917876904,
    1.1181751214540923,
    1.1205249703847444,
    1.1266832901881292,
    1.131022904927914,
    1.126747958935224,
    1.1264630051759572,
    1.126690605512032,
    1.1364244199716127,
    1.1292484265107374,
    1.134882310262093,
    1.1349164614310632,
    1.1299700301427107,
    1.1405749091735253,
    1.1328182449707618,
    1.1301744947066674,
    1.1389381885528564,
    1.1448051356352293,
    1.1398228773703942,
    1.1442116590646596,
    1.1445079812636743,
    1.1443000091956212,
    1.1433954399365645,
    1.1455438847725208,
    1.1438700304581568,
    1.1466533908477197,
    1.1450612178215613,
    1.1428942955457246,
    1.147094196998156,
    1.145500843341534,
    1.1482136662189777,
    1.1535697900331938,
    1.149150020801104,
    1.1535066939317262,
    1.1559635286147778,
    1.157008395745204,
    1.154967901798395,
    1.156577101120582,
    1.1571366145060613,
    1.1569317556344545,
    1.158925242148913,
    1.154604088801604,
    1.1520327856907477,
    1.15443705366208,
    1.1538911370130687,
    1.1552282732266645,
    1.1530544734918153,
    1.1588519719930797,
    1.1608801965530102,
    1.1628581056228051,
    1.1595423565461085,
    1.158624896636376,
    1.1608815628748674,
    1.1593272617230048,
    1.1599736901429982,
    1.1583984585908742,
    1.1571637162795434,
    1.1601598492035499,
    1.1603781512150397
  ]
}