{
  "overall_acc": 0.7661119699478149,
  "precision": 0.7819706498951782,
  "recall": 0.8681148176881304,
  "f1": 0.8227941176470588,
  "tp": 1119,
  "fp": 312,
  "fn": 170,
  "tn": 1704,
  "per_class": {
    "A0101_pos.txt": {
      "accuracy": 0.7559055089950562,
      "n": 127
    },
    "A0201_pos.txt": {
      "accuracy": 0.49808427691459656,
      "n": 261
    },
    "A0203_pos.txt": {
      "accuracy": 0.5245901346206665,
      "n": 183
    },
    "A0207_pos.txt": {
      "accuracy": 0.6797583103179932,
      "n": 331
    },
    "A0301_pos.txt": {
      "accuracy": 0.5120481848716736,
      "n": 166
    },
    "A2402_pos.txt": {
      "accuracy": 0.8868778347969055,
      "n": 221
    },
    "negs.txt": {
      "accuracy": 0.8452380895614624,
      "n": 2016
    }
  }
}