{
  "train_losses": [
    1.7761644053662944,
    1.4617446946282673,
    1.4054762522379558,
    1.3668357103298872,
    1.3496529729957254,
    1.3232430418332417,
    1.3241653197850936,
    1.3153113371286638,
    1.3173057615247548,
    1.2926025961199377,
    1.2957237566638196,
    1.2822219011111138,
    1.283219470937028,
    1.2779951829176683,
    1.280770994659163,
    1.2800125087428296,
    1.2799194521374173,
    1.2821812904798067,
    1.2536837545215573,
    1.2708487913139865,
    1.2573376201156876,
    1.2626001427316258,
    1.2492155947236934,
    1.2536709869009817,
    1.2465143550155509,
    1.2506454597171555,
    1.2548367426945612,
    1.2461264938370795,
    1.2581336243539794,
    1.2596388494866526,
    1.2528068377421453,
    1.251629703065269,
    1.2525243290469177,
    1.2535491769130414,
    1.2528390410618904,
    1.2418096890816321,
    1.2569899518265684,
    1.2549715684010432,
    1.2359364735774505,
    1.2226711919165065,
    1.2333673788950994,
    1.2218933798309066,
    1.2245982742717123,
    1.226786773938399,
    1.2222871607185428,
    1.219196356769301,
    1.2253232929441664,
    1.2203650382848887,
    1.229529791408115,
    1.230638861656189
  ],
  "test_losses": [
    1.2482489416232476,
    1.1657620920584753,
    1.143259231860821,
    1.1460826259392958,
    1.102425829722331,
    1.0988111748145177,
    1.1128436418680043,
    1.0975733238917131,
    1.1000127265086541,
    1.0830384080226605,
    1.0694351081664746,
    1.0807474553585052,
    1.0640828609466553,
    1.0684542908118322,
    1.0635117613352263,
    1.0594228827036345,
    1.067932630960758,
    1.079196184873581,
    1.0691722287581518,
    1.062597075333962,
    1.06784987449646,
    1.0554657601393187,
    1.0689695179462433,
    1.0592199770303874,
    1.0803795411036565,
    1.0644543079229503,
    1.0515278807053199,
    1.053725914313243,
    1.0676043652571165,
    1.0636685628157396,
    1.0522865951061249,
    1.0609841690613673,
    1.0601232945919037,
    1.0628108634398534,
    1.0602165804459498,
    1.0608760829155262,
    1.066555218054698,
    1.0584449699291816,
    1.0476349615133727,
    1.042838990688324,
    1.0459555387496948,
    1.0384911390451284,
    1.0412083107691545,
    1.0433777754123394,
    1.0366267240964449,
    1.0395350937659924,
    1.0410341666294978,
    1.044225009588095,
    1.0385671257972717,
    1.040245390855349
  ]
}