{
  "overall_acc": 0.7373676300048828,
  "precision": 0.714735516372796,
  "recall": 0.8805275407292474,
  "f1": 0.789016336461592,
  "tp": 1135,
  "fp": 453,
  "fn": 154,
  "tn": 1563,
  "per_class": {
    "A0101_pos.txt": {
      "accuracy": 0.787401556968689,
      "n": 127
    },
    "A0201_pos.txt": {
      "accuracy": 0.5440613031387329,
      "n": 261
    },
    "A0203_pos.txt": {
      "accuracy": 0.6448087692260742,
      "n": 183
    },
    "A0207_pos.txt": {
      "accuracy": 0.6888217329978943,
      "n": 331
    },
    "A0301_pos.txt": {
      "accuracy": 0.5421686768531799,
      "n": 166
    },
    "A2402_pos.txt": {
      "accuracy": 0.8868778347969055,
      "n": 221
    },
    "negs.txt": {
      "accuracy": 0.7752976417541504,
      "n": 2016
    }
  }
}