{
  "train_losses": [
    2.509657281076806,
    2.410185471559182,
    2.1988066414482574,
    2.0165742931202946,
    1.9241715781709068,
    1.8695539001725678,
    1.816966464376857,
    1.7698975587502503,
    1.7227565702210126,
    1.6657255470243275,
    1.6313253783772135,
    1.6063467936638074,
    1.580660653929425,
    1.569344407472855,
    1.5482031871110966,
    1.5180499543491592,
    1.5030108191009262,
    1.5078687596524882,
    1.4937146392642942,
    1.4683442329749083,
    1.4642544373487816,
    1.4513415556687574,
    1.440561501388876,
    1.4405272811905951,
    1.430051582491296,
    1.41458796741616,
    1.4207448021978395,
    1.4056140571577935,
    1.4121111906491792,
    1.3940055563918545,
    1.3946697701755753,
    1.3801645366554587,
    1.3767351034360054,
    1.3855337526044276,
    1.3730833581370165,
    1.3688347237741845,
    1.3632638036695301,
    1.350123643875122,
    1.3513803706209884,
    1.3344256011848776,
    1.3479601725553856,
    1.3369832426054864,
    1.328514225462563,
    1.3332440119523268,
    1.3347195611040816,
    1.311812832314744,
    1.305372652844486,
    1.322302806071746,
    1.313730001449585,
    1.314550818541111
  ],
  "test_losses": [
    2.47380164036384,
    2.2193396595808177,
    1.9491695211483882,
    1.7947835601293123,
    1.717525106209975,
    1.6703452972265391,
    1.6052626279684215,
    1.5467718702096205,
    1.4855804168261015,
    1.4248730952923114,
    1.3918290459192717,
    1.3523293871145983,
    1.3315343260765076,
    1.3153052559265723,
    1.2976841124204488,
    1.2832023822344267,
    1.2684796314973097,
    1.2609362808557658,
    1.2572747193850005,
    1.2375544194991772,
    1.2304916817408342,
    1.2206318584772258,
    1.2179402594382946,
    1.205742625089792,
    1.2016138824132772,
    1.192006725531358,
    1.1909438188259418,
    1.1821367190434382,
    1.1746970667288854,
    1.1744313079577227,
    1.1655084192752838,
    1.1583707470160265,
    1.1560502510804396,
    1.1547951927551856,
    1.1475925881129045,
    1.1533992015398467,
    1.1373621752628913,
    1.144536717579915,
    1.1398767187045171,
    1.1335643369417925,
    1.126924957220371,
    1.1243389317622552,
    1.1229134866824517,
    1.1219839109824254,
    1.116240544961049,
    1.1150462260613074,
    1.1097577512264252,
    1.1078014855201428,
    1.1122963772370265,
    1.1079101585424864
  ]
}