{
  "overall_acc": 0.6865355372428894,
  "precision": 0.6599777034559643,
  "recall": 0.9185415050426687,
  "f1": 0.7680830360038924,
  "tp": 1184,
  "fp": 610,
  "fn": 105,
  "tn": 1406,
  "per_class": {
    "A0101_pos.txt": {
      "accuracy": 0.834645688533783,
      "n": 127
    },
    "A0201_pos.txt": {
      "accuracy": 0.39463600516319275,
      "n": 261
    },
    "A0203_pos.txt": {
      "accuracy": 0.6666666865348816,
      "n": 183
    },
    "A0207_pos.txt": {
      "accuracy": 0.6888217329978943,
      "n": 331
    },
    "A0301_pos.txt": {
      "accuracy": 0.5903614163398743,
      "n": 166
    },
    "A2402_pos.txt": {
      "accuracy": 0.9321267008781433,
      "n": 221
    },
    "negs.txt": {
      "accuracy": 0.6974206566810608,
      "n": 2016
    }
  }
}