{
  "train_losses": [
    1.8171415471623087,
    1.407049303380852,
    1.3230309904131115,
    1.2827807216562777,
    1.2452043284717789,
    1.2272204303333902,
    1.2146999520114345,
    1.2014289416818538,
    1.196640051328219,
    1.1770571388749995,
    1.1770534275943398,
    1.1667077357952411,
    1.1517974657890124,
    1.1537716001526923,
    1.1531717853668408,
    1.14875598391916,
    1.1367349390290742,
    1.1399401344804683,
    1.1356008470567882,
    1.1322516814256325,
    1.1224418185714982,
    1.1187159678874872,
    1.1156939380189292,
    1.1190617481867473,
    1.12730120593666,
    1.1044651560294323,
    1.117558051378299,
    1.110889927444295,
    1.1014078295128977,
    1.102579016970773,
    1.1023567685714135,
    1.0948950556608348,
    1.090844820197831,
    1.0835838623535938,
    1.093672376922053,
    1.097473849598159,
    1.08556250985871,
    1.071155401886019,
    1.060154451773717,
    1.0697371251562722,
    1.056894353312305,
    1.0539940065807767,
    1.0548404261597202,
    1.0595395575221787,
    1.0609024834429097,
    1.0711444646884234,
    1.060023796864045,
    1.0537345399204483,
    1.0494902077903094,
    1.044811751597967
  ],
  "test_losses": [
    1.3589653143515954,
    1.2295114191678853,
    1.1882775953182807,
    1.1515040283019726,
    1.1309489928759062,
    1.137749195098877,
    1.1281746969773219,
    1.1178876459598541,
    1.108421573272118,
    1.1074159810176263,
    1.092451354632011,
    1.0979629984268775,
    1.0986495636976683,
    1.1041833116458013,
    1.09485678260143,
    1.1012723720990694,
    1.0898099862612212,
    1.083422438456462,
    1.090342565224721,
    1.097984132858423,
    1.0949038496384254,
    1.094107089134363,
    1.0990130007266998,
    1.0896513416216924,
    1.086982901279743,
    1.0794501854823186,
    1.0921558348032145,
    1.0826616516480079,
    1.0894551850282228,
    1.0928115982275743,
    1.0876539097382472,
    1.0919773074296804,
    1.092637871320431,
    1.086295024706767,
    1.0881077715983758,
    1.0895462425855489,
    1.0884280158923223,
    1.088357877272826,
    1.0786024584220006,
    1.0829574305277605,
    1.080068134344541,
    1.085169147986632,
    1.0788683593273163,
    1.0959367958398967,
    1.0824635785359602,
    1.0816906530123491,
    1.0896563484118535,
    1.0835442061607654,
    1.0874468317398658,
    1.078812640446883
  ]
}