{
  "overall_acc": 0.7630862593650818,
  "precision": 0.7620995228357191,
  "recall": 0.8673390224980605,
  "f1": 0.8113207547169811,
  "tp": 1118,
  "fp": 349,
  "fn": 171,
  "tn": 1667,
  "per_class": {
    "A0101_pos.txt": {
      "accuracy": 0.8267716765403748,
      "n": 127
    },
    "A0201_pos.txt": {
      "accuracy": 0.4559386968612671,
      "n": 261
    },
    "A0203_pos.txt": {
      "accuracy": 0.6393442749977112,
      "n": 183
    },
    "A0207_pos.txt": {
      "accuracy": 0.6646525859832764,
      "n": 331
    },
    "A0301_pos.txt": {
      "accuracy": 0.5662650465965271,
      "n": 166
    },
    "A2402_pos.txt": {
      "accuracy": 0.9049773812294006,
      "n": 221
    },
    "negs.txt": {
      "accuracy": 0.826884925365448,
      "n": 2016
    }
  }
}