{
  "overall_acc": 0.7455370426177979,
  "precision": 0.7243707796193984,
  "recall": 0.9154383242823895,
  "f1": 0.8087731322823852,
  "tp": 1180,
  "fp": 449,
  "fn": 109,
  "tn": 1567,
  "per_class": {
    "A0101_pos.txt": {
      "accuracy": 0.8267716765403748,
      "n": 127
    },
    "A0201_pos.txt": {
      "accuracy": 0.5440613031387329,
      "n": 261
    },
    "A0203_pos.txt": {
      "accuracy": 0.6830601096153259,
      "n": 183
    },
    "A0207_pos.txt": {
      "accuracy": 0.6767371892929077,
      "n": 331
    },
    "A0301_pos.txt": {
      "accuracy": 0.5963855385780334,
      "n": 166
    },
    "A2402_pos.txt": {
      "accuracy": 0.9140271544456482,
      "n": 221
    },
    "negs.txt": {
      "accuracy": 0.7772817611694336,
      "n": 2016
    }
  }
}