{
  "train_losses": [
    1.9986080491644704,
    1.5616738001505535,
    1.4647613091346545,
    1.4099611329217243,
    1.3780367333664854,
    1.3412172631320791,
    1.3112092120015724,
    1.2945755282018938,
    1.2566311018079774,
    1.263136880010621,
    1.2408807471267178,
    1.2336520781883826,
    1.207396263240749,
    1.1931741711420891,
    1.206240552612859,
    1.1918711056057205,
    1.176056553155948,
    1.1790542393668084,
    1.1713009109863868,
    1.1645060217278635,
    1.1442418735251467,
    1.1511333477802765,
    1.1537594785038223,
    1.1439461438064902,
    1.1446376208566194,
    1.1230655144422481,
    1.1218855274029267,
    1.1064225440351372,
    1.122878170420981,
    1.1097987329857981,
    1.1269640555748572,
    1.0927788039557955,
    1.106863593443846,
    1.1123146562494783,
    1.0948378713721902,
    1.093097328630268,
    1.0902190137113261,
    1.086791714032491,
    1.07891054234953,
    1.0777660756029634,
    1.0802220503489177,
    1.0755129135571992,
    1.0777454799057071,
    1.062768200523833,
    1.0764660595828652,
    1.058768971862956,
    1.0533580102472224,
    1.0679378290461679,
    1.0711045076704433,
    1.0376457597455409
  ],
  "test_losses": [
    1.4143891701331506,
    1.2837897814237154,
    1.2471666473608751,
    1.1808303136091967,
    1.1617746651172638,
    1.1317739463769472,
    1.1319988117768214,
    1.1105532004283025,
    1.0948077967533698,
    1.089315618459995,
    1.07814517387977,
    1.078653287429076,
    1.073874606535985,
    1.056390248812162,
    1.04616867349698,
    1.0513830070312207,
    1.057410948551618,
    1.03448158961076,
    1.030549909059818,
    1.0516102130596454,
    1.0432954384730413,
    1.0342523501469538,
    1.022036999464035,
    1.035548285796092,
    1.0395606274788196,
    1.039606559735078,
    1.052539275242732,
    1.0280828796900237,
    1.0153494293873127,
    1.0365564548052275,
    1.0184798263586485,
    1.0180653150265033,
    1.0093626425816462,
    1.0050634466684782,
    1.0368537100461812,
    1.0242889133783488,
    1.0325483909020057,
    1.040281327871176,
    1.0182369878658881,
    1.01073285478812,
    1.0243575595892394,
    0.9993960994940537,
    1.0008833270806532,
    1.012941830433332,
    1.0135780435342054,
    1.0298795585448925,
    1.0179548217700078,
    1.0117321541676154,
    1.0115922253865461,
    1.0166333317756653
  ]
}