{
  "overall_acc": 0.7031769752502441,
  "precision": 0.6664844177145981,
  "recall": 0.9456943366951125,
  "f1": 0.7819114817190506,
  "tp": 1219,
  "fp": 610,
  "fn": 70,
  "tn": 1406,
  "per_class": {
    "A0101_pos.txt": {
      "accuracy": 0.8582677245140076,
      "n": 127
    },
    "A0201_pos.txt": {
      "accuracy": 0.5593869686126709,
      "n": 261
    },
    "A0203_pos.txt": {
      "accuracy": 0.6612021923065186,
      "n": 183
    },
    "A0207_pos.txt": {
      "accuracy": 0.6858006119728088,
      "n": 331
    },
    "A0301_pos.txt": {
      "accuracy": 0.6807228922843933,
      "n": 166
    },
    "A2402_pos.txt": {
      "accuracy": 0.9140271544456482,
      "n": 221
    },
    "negs.txt": {
      "accuracy": 0.6974206566810608,
      "n": 2016
    }
  }
}