{
  "train_losses": [
    1.6130184546495094,
    1.2477314207288954,
    1.173575047753815,
    1.1399115186471205,
    1.116803479500306,
    1.0969482481989086,
    1.0759699207085829,
    1.0717530337154355,
    1.0549958602994935,
    1.059319722856212,
    1.0532935496069427,
    1.0446082745861804,
    1.0374985184424963,
    1.0376383621468503,
    1.0365310199240334,
    1.0284545228012607,
    1.0291485735493848,
    1.0199815360908835,
    1.0108478741768079,
    1.0145502752727933,
    1.0126994654663608,
    1.0106548524310446,
    0.9905170436598297,
    0.9984703491895627,
    0.9946213369695549,
    0.9994426904580532,
    0.9725235889100621,
    0.9738662207228506,
    0.9698587859797682,
    0.9615447363282881,
    0.9672837675127208,
    0.9805286684606829,
    0.960474328098134,
    0.9673316611184014,
    0.9564019915385124,
    0.9603488124333895,
    0.9585385123888651,
    0.9617403419608743,
    0.9572144160922776,
    0.9508549036123813,
    0.9585536636857905,
    0.956694934103224,
    0.9467038028260581,
    0.9439472617247165,
    0.9395023793236822,
    0.9430981461818402,
    0.9399754338794284,
    0.9417721099323697,
    0.944970087108449,
    0.9368347729373182
  ],
  "test_losses": [
    1.2145483493804932,
    1.1021192922041967,
    1.0662452968267293,
    1.040828899695323,
    1.0341744468762324,
    1.004845990584447,
    1.0010765859713922,
    0.9986719649571639,
    0.9899634076998785,
    0.9821891922217149,
    0.9880012915684626,
    0.9844458263653976,
    0.9749895380093501,
    0.9896908173194299,
    0.9723393435661609,
    0.9942267468342414,
    0.9757656638438885,
    0.9808968374362359,
    0.9825897400195782,
    0.9869566720265609,
    0.9894535633233877,
    0.976434377523569,
    0.9781172000444852,
    0.9796642065048218,
    0.9741517282449282,
    0.9841787127348093,
    0.9758840891031119,
    0.9730203633125012,
    0.9704514673122993,
    0.9765440340225513,
    0.9772275021443,
    0.9702619635141813,
    0.9787750152441171,
    0.9778924286365509,
    0.971530774464974,
    0.9772604680978335,
    0.979715679700558,
    0.9805236137830294,
    0.9741720052865835,
    0.9775093587545248,
    0.9752693909865159,
    0.976746664597438,
    0.9844020971885095,
    0.9766343900790582,
    0.9797536065945258,
    0.9765653656079218,
    0.9742161081387446,
    0.979919610115198,
    0.9759471278924209,
    0.9716253624512599
  ]
}