{
  "overall_acc": 0.7425113320350647,
  "precision": 0.7207151664611591,
  "recall": 0.9069045771916214,
  "f1": 0.8031604259704569,
  "tp": 1169,
  "fp": 453,
  "fn": 120,
  "tn": 1563,
  "per_class": {
    "A0101_pos.txt": {
      "accuracy": 0.8110235929489136,
      "n": 127
    },
    "A0201_pos.txt": {
      "accuracy": 0.524904191493988,
      "n": 261
    },
    "A0203_pos.txt": {
      "accuracy": 0.688524603843689,
      "n": 183
    },
    "A0207_pos.txt": {
      "accuracy": 0.6827794313430786,
      "n": 331
    },
    "A0301_pos.txt": {
      "accuracy": 0.5963855385780334,
      "n": 166
    },
    "A2402_pos.txt": {
      "accuracy": 0.9049773812294006,
      "n": 221
    },
    "negs.txt": {
      "accuracy": 0.7752976417541504,
      "n": 2016
    }
  }
}