{
  "train_losses": [
    2.367128260115273,
    1.82376884497129,
    1.6429344976050222,
    1.5744356884915605,
    1.5374113290737836,
    1.5118250785729823,
    1.4702646722141495,
    1.4544095371523473,
    1.438767776530013,
    1.4173553203925109,
    1.4184152906776493,
    1.3976651032765706,
    1.390467965704763,
    1.372445532399365,
    1.3672385134248652,
    1.356012775347783,
    1.356025435985663,
    1.3484128448698256,
    1.3413244455288618,
    1.335387121917855,
    1.3233472169973912,
    1.3331158864192474,
    1.3167497571716962,
    1.2969900420588305,
    1.3006399248400304,
    1.2950881994687593,
    1.304556858845246,
    1.3099817037582397,
    1.2974562644958496,
    1.2804723871059907,
    1.2846679361457498,
    1.287634609091995,
    1.259759539212936,
    1.2803775377762623,
    1.264307272230458,
    1.261257010137933,
    1.2748376920691922,
    1.283324047541007,
    1.260008298433744,
    1.2355000442928739,
    1.205499940448337,
    1.2104744574962518,
    1.2140566528352916,
    1.2074682432362156,
    1.210195813423548,
    1.2076278619277172,
    1.2001764733567197,
    1.202105233302483,
    1.2155747449296153,
    1.2137310020943992
  ],
  "test_losses": [
    1.8617848616379957,
    1.4573247524408193,
    1.3638454996622527,
    1.309050637942094,
    1.291836747756371,
    1.272249379983315,
    1.2592220856593206,
    1.2679589986801147,
    1.2470448590241945,
    1.2337425763790424,
    1.2245537501115065,
    1.2155621693684504,
    1.223585958664234,
    1.2018435459870558,
    1.189314230130269,
    1.1967654136510997,
    1.1814468502998352,
    1.1856000469281123,
    1.1732884507912855,
    1.1821215863411243,
    1.187448698740739,
    1.1625574276997492,
    1.1758721791780913,
    1.1749330163002014,
    1.187620419722337,
    1.1762463060709147,
    1.1739514813973353,
    1.1520988941192627,
    1.1768731543650994,
    1.1543120397971227,
    1.1535734144540934,
    1.1698883817746089,
    1.1547061388309185,
    1.1675780576009016,
    1.1711839116536653,
    1.1653411388397217,
    1.1578709253898034,
    1.167183947104674,
    1.153517865217649,
    1.147013790332354,
    1.146143071926557,
    1.142477890619865,
    1.1400374174118042,
    1.1480788496824412,
    1.149742447412931,
    1.1484600488956158,
    1.1570029465051799,
    1.1473521040036128,
    1.164015109722431,
    1.165115659053509
  ]
}