{
  "overall_acc": 0.7310135960578918,
  "precision": 0.7145499383477188,
  "recall": 0.8991466252909232,
  "f1": 0.7962899347303332,
  "tp": 1159,
  "fp": 463,
  "fn": 130,
  "tn": 1553,
  "per_class": {
    "A0101_pos.txt": {
      "accuracy": 0.7401574850082397,
      "n": 127
    },
    "A0201_pos.txt": {
      "accuracy": 0.5210728049278259,
      "n": 261
    },
    "A0203_pos.txt": {
      "accuracy": 0.6010928750038147,
      "n": 183
    },
    "A0207_pos.txt": {
      "accuracy": 0.670694887638092,
      "n": 331
    },
    "A0301_pos.txt": {
      "accuracy": 0.5722891688346863,
      "n": 166
    },
    "A2402_pos.txt": {
      "accuracy": 0.9321267008781433,
      "n": 221
    },
    "negs.txt": {
      "accuracy": 0.7703372836112976,
      "n": 2016
    }
  }
}