{
  "train_losses": [
    2.358090260089972,
    2.026099499474224,
    1.8425221341287987,
    1.741921273052183,
    1.662690137186621,
    1.636151510426122,
    1.5859106758720853,
    1.5651009816389818,
    1.5590891114666932,
    1.5371492398090851,
    1.5310322983652098,
    1.509731010494069,
    1.5031395325293908,
    1.5194242479454758,
    1.500998359460097,
    1.5027973998306143,
    1.4854079413617778,
    1.4968198894435525,
    1.469852445472,
    1.4689631696440215,
    1.471459223673894,
    1.4574968315597274,
    1.4542782184405205,
    1.4500267312058017,
    1.459683449859293,
    1.4385979532176614,
    1.4432944283526168,
    1.4401149005971403,
    1.4388602503344543,
    1.4420332521454902,
    1.4401625282744057,
    1.4112200849076622,
    1.4318900760422406,
    1.4097638140376816,
    1.415313064542591,
    1.4331641910422561,
    1.4183978147995777,
    1.4158110801990216,
    1.409867286682129,
    1.4161418951474702,
    1.4096023995652158,
    1.4268678599952633,
    1.410453928841485,
    1.4005314773983426,
    1.3969782387089527,
    1.4017476301926832,
    1.3920130067401462,
    1.3949009984986396,
    1.3977460372142303,
    1.405638152717525
  ],
  "test_losses": [
    2.009970953831306,
    1.6947064445568965,
    1.498721542266699,
    1.4076458765910222,
    1.35546986414836,
    1.3286271553773146,
    1.3026016927682436,
    1.2820513592316554,
    1.270626547244879,
    1.2755026244200194,
    1.2493951916694641,
    1.2391267579335432,
    1.2374737767072825,
    1.2339366743197808,
    1.227753148629115,
    1.217377511354593,
    1.212834676870933,
    1.2206582174851344,
    1.2161475649246802,
    1.1995663780432482,
    1.2028486705743349,
    1.2249152660369873,
    1.2030581465134254,
    1.174191584953895,
    1.1855730712413788,
    1.202061971792808,
    1.1812252150132105,
    1.1895416975021362,
    1.1852517907436078,
    1.168125148002918,
    1.1734866637449999,
    1.1840496636354005,
    1.1953686796701872,
    1.1778760987978716,
    1.17387855052948,
    1.1801101175638347,
    1.1668286117223592,
    1.164950315768902,
    1.174020996460548,
    1.1723963824602275,
    1.1771042071855986,
    1.1801640093326569,
    1.1686813120658581,
    1.1589925770576184,
    1.1575583998973553,
    1.1509116475398724,
    1.158471290881817,
    1.1653655217244074,
    1.1530156479432032,
    1.1648085415363312
  ]
}