{
  "overall_acc": 0.6638426780700684,
  "precision": 0.6383430695698353,
  "recall": 0.9325058184639256,
  "f1": 0.7578814627994955,
  "tp": 1202,
  "fp": 681,
  "fn": 87,
  "tn": 1335,
  "per_class": {
    "A0101_pos.txt": {
      "accuracy": 0.787401556968689,
      "n": 127
    },
    "A0201_pos.txt": {
      "accuracy": 0.3448275923728943,
      "n": 261
    },
    "A0203_pos.txt": {
      "accuracy": 0.7431694269180298,
      "n": 183
    },
    "A0207_pos.txt": {
      "accuracy": 0.69486403465271,
      "n": 331
    },
    "A0301_pos.txt": {
      "accuracy": 0.5843373537063599,
      "n": 166
    },
    "A2402_pos.txt": {
      "accuracy": 0.9321267008781433,
      "n": 221
    },
    "negs.txt": {
      "accuracy": 0.6622023582458496,
      "n": 2016
    }
  }
}