{
  "overall_acc": 0.7621785402297974,
  "precision": 0.7643835616438356,
  "recall": 0.8657874321179209,
  "f1": 0.8119316114950891,
  "tp": 1116,
  "fp": 344,
  "fn": 173,
  "tn": 1672,
  "per_class": {
    "A0101_pos.txt": {
      "accuracy": 0.7795275449752808,
      "n": 127
    },
    "A0201_pos.txt": {
      "accuracy": 0.5057471394538879,
      "n": 261
    },
    "A0203_pos.txt": {
      "accuracy": 0.6338797807693481,
      "n": 183
    },
    "A0207_pos.txt": {
      "accuracy": 0.6767371892929077,
      "n": 331
    },
    "A0301_pos.txt": {
      "accuracy": 0.5,
      "n": 166
    },
    "A2402_pos.txt": {
      "accuracy": 0.8733031749725342,
      "n": 221
    },
    "negs.txt": {
      "accuracy": 0.829365074634552,
      "n": 2016
    }
  }
}