{
  "train_losses": [
    1.7900986702014239,
    1.396297939822205,
    1.3246665174125607,
    1.27614232719454,
    1.2515728881216457,
    1.2200388123846462,
    1.2020381806243179,
    1.197987009317447,
    1.1731730612934146,
    1.1637102655875378,
    1.1508309657757099,
    1.1469034572951815,
    1.1294129261603723,
    1.1205967506791792,
    1.1186140597376049,
    1.1102943996078947,
    1.10812070278021,
    1.0961644924603975,
    1.0884754433591142,
    1.0855513179404104,
    1.0701938658697991,
    1.0743263353649368,
    1.0578692331273332,
    1.0607222176005697,
    1.0673527457775214,
    1.0530950936496768,
    1.0509285070957282,
    1.0316873034860334,
    1.00725336614837,
    1.015084545327048,
    1.0085447934957652,
    1.009305538275303,
    0.9993555398068876,
    0.9955693524107974,
    0.991333702690581,
    0.9984622587505568,
    1.002705835379087,
    0.9901299787382795,
    0.9986011370634421,
    0.9962950190927229,
    0.9819912655740721,
    0.9716266984613533,
    0.9757658212612836,
    0.976133403615055,
    0.9805676417473035,
    0.9789927571247785,
    0.9748002550540826,
    0.9672247268195845,
    0.9525629903516198,
    0.9465990896917816,
    0.9447470714903285,
    0.9482371042936276,
    0.9514998314727066,
    0.9518437339709356,
    0.9457346532079909,
    0.9494949599616548,
    0.944950332498958,
    0.9295941983532702,
    0.9471134222470797,
    0.9390427454923972,
    0.9278794216294574,
    0.9383573307950273,
    0.9408394673950652,
    0.9220369779146634,
    0.924616718903566,
    0.9268807345985347,
    0.9227344786000048,
    0.9182101238487114,
    0.9241328738693498,
    0.9162767223822765,
    0.9252672226001055,
    0.9230268882890033,
    0.9268818085010235,
    0.9155586540189564,
    0.9273118758812929,
    0.9248737703021775,
    0.9154357181655036,
    0.9204169364057035,
    0.9260662712602534,
    0.913351480777447,
    0.9222741799476819,
    0.9109247724215189,
    0.9224610114708925,
    0.9132467233217679,
    0.9166317704396371,
    0.9027526521275187,
    0.9153466352030762,
    0.8995894728562771,
    0.9093115762767628,
    0.917188359121991,
    0.9292703423744593,
    0.9190873315191677,
    0.911611165246393,
    0.9139769912784935,
    0.910838160249922,
    0.901622635177058,
    0.9161545517098191,
    0.9067953259516985,
    0.9081936468425978,
    0.9045348447612208
  ],
  "test_losses": [
    1.3335390457740197,
    1.2125871594135578,
    1.1654657950768104,
    1.1286585285113409,
    1.123092064490685,
    1.125803598990807,
    1.0876711790378277,
    1.0846469746186183,
    1.0825815200805664,
    1.0765466323265662,
    1.0640298563700457,
    1.0736890664467444,
    1.0764467074320867,
    1.0854667539779956,
    1.0640829686935132,
    1.0764033244206355,
    1.065119431569026,
    1.0678325455922346,
    1.065240564254614,
    1.0675924053558936,
    1.0721179728324597,
    1.064029799057887,
    1.0649439623722663,
    1.0699577835889964,
    1.0706546237835517,
    1.0789283445248237,
    1.0870922276606927,
    1.0639927089214325,
    1.0771114321855397,
    1.0707957056852488,
    1.061663737663856,
    1.0640631042993987,
    1.0663113273107088,
    1.0647947467290437,
    1.0679715206989875,
    1.0701562097439399,
    1.0732321670422187,
    1.0763251322966356,
    1.0720456013312707,
    1.0783237104232495,
    1.0795262639339154,
    1.0774416602574861,
    1.0907312494057875,
    1.0856342613697052,
    1.079262057176003,
    1.0885112629486964,
    1.0856869312433095,
    1.0778038272490869,
    1.0740394729834337,
    1.0793264370698195,
    1.076983201962251,
    1.078153887620339,
    1.0709277460208306,
    1.0732745230197906,
    1.0750487859432514,
    1.0805976872260754,
    1.0730255842208862,
    1.0768506641571338,
    1.0801237844503844,
    1.080723177928191,
    1.0773944854736328,
    1.0796720821123857,
    1.0782817762631636,
    1.0798495297248547,
    1.0849483700898976,
    1.076600533265334,
    1.0737728636998396,
    1.0823492453648493,
    1.080910176038742,
    1.0804262803151057,
    1.0793337432237773,
    1.0751160383224487,
    1.0812368645117834,
    1.0814192455548506,
    1.0814745128154755,
    1.0815694148723896,
    1.0837588883363283,
    1.0799069473376641,
    1.0866087514620562,
    1.0817815363407135,
    1.0814862595154688,
    1.0834251321279085,
    1.0835555241658137,
    1.0836467880469103,
    1.0825110375881195,
    1.083837859905683,
    1.0845948595267076,
    1.0850641337724833,
    1.0830051440459032,
    1.0800982553225298,
    1.0812032291522393,
    1.0785082693283374,
    1.0812702293579395,
    1.0852864613899817,
    1.0824535053509932,
    1.0843328168758979,
    1.0839410080359533,
    1.08428404881404,
    1.0863152421437776,
    1.0875852612348704
  ]
}