{
  "overall_acc": 0.7649016380310059,
  "precision": 0.7694406548431105,
  "recall": 0.8750969743987588,
  "f1": 0.8188747731397459,
  "tp": 1128,
  "fp": 338,
  "fn": 161,
  "tn": 1678,
  "per_class": {
    "A0101_pos.txt": {
      "accuracy": 0.748031497001648,
      "n": 127
    },
    "A0201_pos.txt": {
      "accuracy": 0.4674329459667206,
      "n": 261
    },
    "A0203_pos.txt": {
      "accuracy": 0.6502732038497925,
      "n": 183
    },
    "A0207_pos.txt": {
      "accuracy": 0.6918429136276245,
      "n": 331
    },
    "A0301_pos.txt": {
      "accuracy": 0.5180723071098328,
      "n": 166
    },
    "A2402_pos.txt": {
      "accuracy": 0.9004524946212769,
      "n": 221
    },
    "negs.txt": {
      "accuracy": 0.8323412537574768,
      "n": 2016
    }
  }
}