{
  "train_losses": [
    1.2447429885212173,
    0.7915979129636389,
    0.7599476244714525,
    0.7345545745303488,
    0.7158855622650212,
    0.6973133316406837,
    0.6792942412898072,
    0.6565139359898038,
    0.6363369137303442,
    0.6151032312812968,
    0.5900674678831019,
    0.565018900948712,
    0.5406898440968277,
    0.5184576009583269,
    0.4972669701290946,
    0.4737943543328179,
    0.4544746778969072,
    0.4414337478641771,
    0.4172548175367535,
    0.4024053608250414,
    0.3671164985141184,
    0.3521882470092203,
    0.3446227393598638,
    0.3373602700029683,
    0.3314858477594506,
    0.3271091216140323,
    0.3221880908195789,
    0.3143999966291281,
    0.31103844482165116,
    0.30592683365202356,
    0.29885954569038164,
    0.28229408411898166,
    0.27757556889301693,
    0.27251223283700454,
    0.2705050794742046,
    0.26890905163226986,
    0.26595536587584734,
    0.26354556779066723,
    0.26195390000302565,
    0.25960151087015104,
    0.2579915057390164,
    0.2567666409871517,
    0.24740894444477865,
    0.24410387695345104,
    0.24413104788360432,
    0.24205062239088565,
    0.24078342853448328,
    0.2401101944538263,
    0.23910982575681475,
    0.23690023413325986
  ],
  "test_losses": [
    0.8364721903434167,
    0.8164700945982566,
    0.7944265409157827,
    0.7827705637766764,
    0.7836412099691538,
    0.7848668602796701,
    0.7816041639217963,
    0.776787322301131,
    0.7766382510845478,
    0.7857837023643347,
    0.7853653946748147,
    0.7917282822040411,
    0.8074608972439399,
    0.8152580524866397,
    0.8360541038788282,
    0.8627132303439654,
    0.9025222808122635,
    0.9243415766037427,
    0.9540857603916755,
    0.9622697096604568,
    1.000403581903531,
    1.014686955855443,
    1.0261931740320647,
    1.048530245056519,
    1.0839443195324678,
    1.0848310486628459,
    1.125831500842021,
    1.1587385833263397,
    1.141011805488513,
    1.1671441655892592,
    1.2316062530645957,
    1.2174673533210387,
    1.2495949365771735,
    1.2612554683135107,
    1.2643694063791862,
    1.2813122730988722,
    1.2936141582635732,
    1.296071171760559,
    1.3042609370671785,
    1.3457418233156204,
    1.3376334613332381,
    1.3621142558180368,
    1.3753648383113055,
    1.390689340348427,
    1.3969561887475161,
    1.3779824525117874,
    1.3994914167202437,
    1.4117247370573192,
    1.4189691646740987,
    1.4436944413643618
  ]
}