{
  "overall_acc": 0.6617246866226196,
  "precision": 0.622255489021956,
  "recall": 0.9674166020170675,
  "f1": 0.7573641056787124,
  "tp": 1247,
  "fp": 757,
  "fn": 42,
  "tn": 1259,
  "per_class": {
    "A0101_pos.txt": {
      "accuracy": 0.8976377844810486,
      "n": 127
    },
    "A0201_pos.txt": {
      "accuracy": 0.5977011322975159,
      "n": 261
    },
    "A0203_pos.txt": {
      "accuracy": 0.5956284403800964,
      "n": 183
    },
    "A0207_pos.txt": {
      "accuracy": 0.6676737070083618,
      "n": 331
    },
    "A0301_pos.txt": {
      "accuracy": 0.7289156913757324,
      "n": 166
    },
    "A2402_pos.txt": {
      "accuracy": 0.9366515874862671,
      "n": 221
    },
    "negs.txt": {
      "accuracy": 0.6245039701461792,
      "n": 2016
    }
  }
}