{
  "train_losses": [
    1.7002053881204255,
    1.3656759882485994,
    1.3016039734245628,
    1.2561616530982398,
    1.2284180471974036,
    1.2134888684877785,
    1.211745322519733,
    1.1983877578089315,
    1.1866286111134354,
    1.1657336997729475,
    1.1686546006510334,
    1.15446175477838,
    1.148191011016087,
    1.1534022232537628,
    1.1448582167266517,
    1.1322040834734517,
    1.1427729906574373,
    1.131342786999159,
    1.13781375205645,
    1.121921056444927,
    1.1178798382000257,
    1.1155933081462819,
    1.1181963733447495,
    1.1120949186304565,
    1.1049025240764823,
    1.1189948689553046,
    1.1068684915060638,
    1.1045020353409551,
    1.1075614988162954,
    1.0991335819485366,
    1.093991276269318,
    1.1014490166018087,
    1.0910069707901247,
    1.093162609941216,
    1.0848835745165426,
    1.0881419553551623,
    1.0748172949719172,
    1.0631297933158055,
    1.0746309859778291,
    1.0589510921509036,
    1.0620963942620063,
    1.0640045077570024,
    1.0616492773896904,
    1.0558165183631323,
    1.0481312686397184,
    1.0499192513445372,
    1.0556516364056576,
    1.0537944938546868,
    1.0547158051562566,
    1.0487535706771318,
    1.0616612133159433,
    1.047168336119703,
    1.0480116400667416,
    1.0454941608572519,
    1.0528918890542882,
    1.0351408780262035,
    1.0320905190642162,
    1.030900918027406,
    1.0453899846282058,
    1.0297712974650886,
    1.0409962527213559,
    1.0267052154387197,
    1.0454255839829805,
    1.0293108926024488,
    1.0251627087593078,
    1.0295537606362373,
    1.0399735808372497,
    1.0235053179084614,
    1.0272501460967525,
    1.029842112333544,
    1.032833505317729,
    1.023553938763116,
    1.033333134074365,
    1.023217159701932,
    1.0348420796855804,
    1.0267266318362247,
    1.0320353625923075,
    1.0240944536783363,
    1.019698618112072,
    1.018661771666619,
    1.0185870589748505,
    1.0179204886959445,
    1.0124551015515482,
    1.0191686652039968,
    1.0161615860077642,
    1.0171451513485241,
    1.0227698053083112,
    1.0150776378570063,
    1.018169379362496,
    1.0313393449270598,
    1.016478064752394,
    1.0159004510089915,
    1.015689254832524,
    1.0064499398713471,
    1.0018102201082373,
    1.010325482455633,
    1.0097293007758357,
    1.0195828645460068,
    1.0129728770384225,
    1.0180657464329914
  ],
  "test_losses": [
    1.310855331329199,
    1.2185992271854327,
    1.1765334537396064,
    1.150105085510474,
    1.1270536929368973,
    1.1118568651951277,
    1.1090832564693232,
    1.0913421855523036,
    1.091175010571113,
    1.0968558541857278,
    1.0917503495629017,
    1.0937805353448942,
    1.0876827434851573,
    1.0930879287994826,
    1.0878871931479528,
    1.0785868374200969,
    1.081365083845762,
    1.0727067538178885,
    1.0738021502128015,
    1.0712749992425625,
    1.090759244102698,
    1.081639408492125,
    1.0784265433366482,
    1.0790489573891346,
    1.0836126110874689,
    1.0923266066954687,
    1.0813038011009877,
    1.0763500367219632,
    1.0905886481587703,
    1.0893946920449917,
    1.0841969217245395,
    1.0786974412890582,
    1.0769952077132006,
    1.0829623312904284,
    1.078914160338732,
    1.078155222420509,
    1.0739615129736753,
    1.0779481472877355,
    1.0707069474917192,
    1.0729827347856302,
    1.07620253184667,
    1.0715903932085404,
    1.07378895007647,
    1.0813448623969004,
    1.0785938501358032,
    1.0786105331320028,
    1.0747898295521736,
    1.0842570054989595,
    1.0770818040921137,
    1.0773045116892228,
    1.0790321276738093,
    1.0825299924382796,
    1.0726861586937537,
    1.0840524343343882,
    1.0772116642731886,
    1.070354004892019,
    1.0749821347685962,
    1.0713250734485114,
    1.0727570607112005,
    1.0724997188036258,
    1.0665622559877543,
    1.0701573909475253,
    1.0689730283159475,
    1.0737458719657018,
    1.0757684650329442,
    1.0720031095238833,
    1.0667079394826522,
    1.067854873262919,
    1.0814095368752112,
    1.0708011858738387,
    1.0729958730248303,
    1.0719057424710348,
    1.0703368880427802,
    1.0784020183178096,
    1.0726297778578906,
    1.0784791799692006,
    1.0708307801530912,
    1.0705683013567557,
    1.0706717131229548,
    1.0711246809134116,
    1.072556594816538,
    1.0708088101102755,
    1.0702053279830859,
    1.072866330926235,
    1.0717890423077803,
    1.0711877311651523,
    1.071021250807322,
    1.0729068271242654,
    1.0719256418255658,
    1.0720179149737725,
    1.0706443328123827,
    1.0698317455557675,
    1.0724489832153687,
    1.0715407442588072,
    1.0718258693814278,
    1.0705736434230437,
    1.0696571606856127,
    1.0703795523597643,
    1.0715353402953882,
    1.073462804349569
  ]
}