{
  "overall_acc": 0.7642965316772461,
  "precision": 0.7631578947368421,
  "recall": 0.8774243599689682,
  "f1": 0.8163118007939372,
  "tp": 1131,
  "fp": 351,
  "fn": 158,
  "tn": 1665,
  "per_class": {
    "A0101_pos.txt": {
      "accuracy": 0.787401556968689,
      "n": 127
    },
    "A0201_pos.txt": {
      "accuracy": 0.5210728049278259,
      "n": 261
    },
    "A0203_pos.txt": {
      "accuracy": 0.6338797807693481,
      "n": 183
    },
    "A0207_pos.txt": {
      "accuracy": 0.6767371892929077,
      "n": 331
    },
    "A0301_pos.txt": {
      "accuracy": 0.5240963697433472,
      "n": 166
    },
    "A2402_pos.txt": {
      "accuracy": 0.8959276080131531,
      "n": 221
    },
    "negs.txt": {
      "accuracy": 0.8258928656578064,
      "n": 2016
    }
  }
}