{
  "train_losses": [
    2.594674886801304,
    2.030315455208477,
    1.8244792172032545,
    1.7385231643660455,
    1.6713737065975482,
    1.617379003100925,
    1.592256750815954,
    1.5570044782426622,
    1.548026413999052,
    1.5522607748325055,
    1.5372099224318805,
    1.4986399931785388,
    1.4884684707364466,
    1.4837528314345922,
    1.4778175262304454,
    1.455276146913186,
    1.4650210784031794,
    1.4392448673900375,
    1.438726394604414,
    1.4080888430277507,
    1.4326708326991806,
    1.4292830942023513,
    1.416631010862497,
    1.4052469536789463,
    1.4074233057152512,
    1.4012161381224282,
    1.4065159009053156,
    1.3937810292610755,
    1.3922834661271837,
    1.3877814030035949,
    1.3734430905081267,
    1.3777663697544327,
    1.3735267565800593,
    1.3618205541219466,
    1.3635090365369096,
    1.3713442372460651,
    1.3536935902049398,
    1.3577534194685454,
    1.3475903231873472,
    1.3451337702253945,
    1.3479126854839487,
    1.3387346379777305,
    1.344085937891251,
    1.3449759004462478,
    1.3348919509822488,
    1.3421654548400488,
    1.3395733609158769,
    1.339543926410186,
    1.3244423896838458,
    1.3344549684443026
  ],
  "test_losses": [
    1.9706023381306574,
    1.6506983087613032,
    1.5341226000052233,
    1.4673204192748437,
    1.4228898607767546,
    1.3742382801496065,
    1.3558730070407574,
    1.341006989662464,
    1.3172663312691908,
    1.31459864286276,
    1.3167496117261739,
    1.3144783056699312,
    1.3045048851233263,
    1.2903335736348078,
    1.3039806829049037,
    1.276301771402359,
    1.2816760723407452,
    1.2782823076614966,
    1.2733237468279326,
    1.258192424590771,
    1.264323149736111,
    1.2634691962829003,
    1.263221378509815,
    1.2532704655940716,
    1.2664075837685511,
    1.2515801466428316,
    1.2516331856067364,
    1.250663500565749,
    1.2499636732614958,
    1.237133835370724,
    1.2468732503744273,
    1.2442441422205706,
    1.2555358547430773,
    1.2465849908498616,
    1.2467524248820085,
    1.2523328455594869,
    1.2601282413189228,
    1.2639711774312532,
    1.2384106241739714,
    1.2434426385622759,
    1.2361533183317919,
    1.2701258659362793,
    1.26266564314182,
    1.247112906896151,
    1.2443233682559087,
    1.2356599064973683,
    1.2338816638176258,
    1.2517137344066913,
    1.2496128540772657,
    1.2315761997149541
  ]
}