{
  "overall_acc": 0.7576399445533752,
  "precision": 0.770042194092827,
  "recall": 0.8494957331264547,
  "f1": 0.8078199926226486,
  "tp": 1095,
  "fp": 327,
  "fn": 194,
  "tn": 1689,
  "per_class": {
    "A0101_pos.txt": {
      "accuracy": 0.8188976645469666,
      "n": 127
    },
    "A0201_pos.txt": {
      "accuracy": 0.4099617004394531,
      "n": 261
    },
    "A0203_pos.txt": {
      "accuracy": 0.5519125461578369,
      "n": 183
    },
    "A0207_pos.txt": {
      "accuracy": 0.634441077709198,
      "n": 331
    },
    "A0301_pos.txt": {
      "accuracy": 0.5542168617248535,
      "n": 166
    },
    "A2402_pos.txt": {
      "accuracy": 0.9095022678375244,
      "n": 221
    },
    "negs.txt": {
      "accuracy": 0.8377976417541504,
      "n": 2016
    }
  }
}