{
  "train_losses": [
    2.085649452657781,
    1.5946605501011906,
    1.4747682952473307,
    1.3787533758033035,
    1.3203978966443966,
    1.2917269264530933,
    1.2552900951132815,
    1.2406262169536362,
    1.218897024790446,
    1.1984493890379229,
    1.1869166238695128,
    1.177038186126285,
    1.1556017047319658,
    1.141864894801735,
    1.1323799292246501,
    1.1258136711568913,
    1.1181613782532194,
    1.1070015812531495,
    1.0961714437884142,
    1.0894484575997052,
    1.0860922881680677,
    1.0752915903034372,
    1.0684710160279884,
    1.0630839400821261,
    1.0256676505773494,
    1.0294262802498972,
    1.0067519917447343,
    1.0048387534598,
    1.0062781429698324,
    0.9994580592864599,
    0.9949006229384333,
    0.9932654082265675,
    0.9881838779164176,
    0.9785261592294416,
    0.9782667638909104,
    0.9607725520419259,
    0.9519367839536096,
    0.950976964754936,
    0.9484969611860748,
    0.9385549966086689,
    0.9508044760451357,
    0.9469696089752719,
    0.9400742986263373,
    0.9453317263187506,
    0.9379066850385095,
    0.9347751716263274,
    0.925869234606751,
    0.9270011813212664,
    0.9229165009963207,
    0.9190051504689404
  ],
  "test_losses": [
    1.543685271189763,
    1.308896085390678,
    1.2601050711595094,
    1.2040591698426466,
    1.1396544300592863,
    1.1359484539582179,
    1.1126675766247969,
    1.1153877102411711,
    1.1043324012022753,
    1.0998800373994386,
    1.086888313293457,
    1.0983158441690297,
    1.065528901723715,
    1.0849385146911328,
    1.0791379717680125,
    1.072178466961934,
    1.07937442110135,
    1.0780536119754498,
    1.0795130729675293,
    1.0692768784669728,
    1.0785500682317293,
    1.0787085501047282,
    1.0876659086117377,
    1.069475932763173,
    1.0791118053289561,
    1.065968169615819,
    1.0678093272906084,
    1.0812268944887014,
    1.0867844155201545,
    1.0853187716924226,
    1.0896138892723963,
    1.100273432639929,
    1.0842374792465796,
    1.1050810722204356,
    1.1121248740416307,
    1.1071867988659785,
    1.1145351483271673,
    1.117690079487287,
    1.1112815118752992,
    1.1215383525078113,
    1.1162406618778522,
    1.1388375873749073,
    1.137931881042627,
    1.1336325636276832,
    1.145439475774765,
    1.161798866895529,
    1.1568586161503425,
    1.152413851939715,
    1.138738744533979,
    1.1585879509265606
  ]
}