{
  "overall_acc": 0.7192133069038391,
  "precision": 0.69302870533099,
  "recall": 0.9177657098525989,
  "f1": 0.7897196261682243,
  "tp": 1183,
  "fp": 524,
  "fn": 106,
  "tn": 1492,
  "per_class": {
    "A0101_pos.txt": {
      "accuracy": 0.787401556968689,
      "n": 127
    },
    "A0201_pos.txt": {
      "accuracy": 0.524904191493988,
      "n": 261
    },
    "A0203_pos.txt": {
      "accuracy": 0.6721311211585999,
      "n": 183
    },
    "A0207_pos.txt": {
      "accuracy": 0.6465256810188293,
      "n": 331
    },
    "A0301_pos.txt": {
      "accuracy": 0.6325300931930542,
      "n": 166
    },
    "A2402_pos.txt": {
      "accuracy": 0.9321267008781433,
      "n": 221
    },
    "negs.txt": {
      "accuracy": 0.7400793433189392,
      "n": 2016
    }
  }
}