{
  "train_losses": [
    2.1967720903901973,
    1.7035382099640675,
    1.5414262429261818,
    1.4630251593059964,
    1.4139477106241078,
    1.3678825248000968,
    1.3450284238554473,
    1.3340526910928578,
    1.304332757098043,
    1.2829347227373693,
    1.2659883050837069,
    1.2589583284834511,
    1.238943722512987,
    1.2185527972685986,
    1.2142751216888428,
    1.221536589993371,
    1.19455781349769,
    1.1984218802207556,
    1.1796679659786387,
    1.1741662784519358,
    1.1795344994618342,
    1.1707977846137478,
    1.172893192523565,
    1.1544750032261906,
    1.162326789309836,
    1.1424071793882256,
    1.1405654396766272,
    1.1411141799046443,
    1.131977789931827,
    1.120568791515807,
    1.118314808759934,
    1.1167080769172082,
    1.1112515350692294,
    1.1053004137471192,
    1.1240576470000112,
    1.096366263862349,
    1.0830502988945725,
    1.0834789510466094,
    1.0912185963402448,
    1.074487233773256,
    1.0555803307101257,
    1.0386094955297618,
    1.0233877632353041,
    1.0368279188107221,
    1.017927087779738,
    1.031977683560461,
    1.0167316045516577,
    1.0245619013778164,
    1.005510699035775,
    1.0147802600493798
  ],
  "test_losses": [
    1.6504979637952952,
    1.3992794477022612,
    1.3224093730633075,
    1.2605045116864717,
    1.2108196249374976,
    1.1690917794521039,
    1.176911473274231,
    1.146141494695957,
    1.1252849583442395,
    1.1167118067924793,
    1.1470297093574817,
    1.115678234742238,
    1.1048251184133382,
    1.10263464313287,
    1.094469116284297,
    1.0919869335798116,
    1.0877045484689565,
    1.0890258802817419,
    1.0930356199924762,
    1.0655251764334166,
    1.0692751453473017,
    1.0635011471234834,
    1.065638161622561,
    1.0679269226697774,
    1.08462599836863,
    1.07930542414005,
    1.0588618700320904,
    1.0587209096321692,
    1.0417521183307354,
    1.0480736883787007,
    1.0544928931272948,
    1.0822686621775994,
    1.0668059312380278,
    1.0864361960154314,
    1.0742740149681385,
    1.073564616533426,
    1.0632056318796599,
    1.0715904923585744,
    1.066460329752702,
    1.0632723225997045,
    1.0607557342602656,
    1.075737932553658,
    1.0563673377037048,
    1.0546966630678911,
    1.0675829259248881,
    1.0523765064202821,
    1.060986225421612,
    1.0591512024402618,
    1.0627416326449468,
    1.0684581651137426
  ]
}