{
  "overall_acc": 0.7301058769226074,
  "precision": 0.7058125741399762,
  "recall": 0.9231962761830876,
  "f1": 0.8,
  "tp": 1190,
  "fp": 496,
  "fn": 99,
  "tn": 1520,
  "per_class": {
    "A0101_pos.txt": {
      "accuracy": 0.7637795209884644,
      "n": 127
    },
    "A0201_pos.txt": {
      "accuracy": 0.5977011322975159,
      "n": 261
    },
    "A0203_pos.txt": {
      "accuracy": 0.5901639461517334,
      "n": 183
    },
    "A0207_pos.txt": {
      "accuracy": 0.6858006119728088,
      "n": 331
    },
    "A0301_pos.txt": {
      "accuracy": 0.5963855385780334,
      "n": 166
    },
    "A2402_pos.txt": {
      "accuracy": 0.9321267008781433,
      "n": 221
    },
    "negs.txt": {
      "accuracy": 0.7539682388305664,
      "n": 2016
    }
  }
}