{
  "train_losses": [
    1.4303863148535452,
    1.1824031223532974,
    1.1400905762949298,
    1.119836849166501,
    1.1014812980928728,
    1.0852773298499405,
    1.0769055972817123,
    1.0737055919503653,
    1.0615651771586427,
    1.0595970119199445,
    1.0448386020557854,
    1.0435494685685762,
    1.0406126752976448,
    1.0420164372331353,
    1.0254000394575058,
    1.0254193943033936,
    1.030226977794401,
    1.0302510274353849,
    1.0210257675058099,
    1.0182565221222497,
    1.0134478503657927,
    1.011123586149626,
    1.0127079502228769,
    1.0054718543124455,
    1.0151730056091022,
    1.0100371638933818,
    0.9983582861961857,
    1.0062831654343554,
    1.000126649231039,
    1.002528779993775,
    1.0065515666238722,
    0.9885678345157254,
    0.9881088586263759,
    0.9870311348668991,
    0.980197242447125,
    0.9878842130784066,
    0.9761332076723858,
    0.9857631679504149,
    0.9900670232311372,
    0.9769015831332053,
    0.9606678621102405,
    0.932712375220432,
    0.9404478573030041,
    0.9518001144932162,
    0.9403044317358283,
    0.94412512599781,
    0.9545782775007269,
    0.9408141691197631,
    0.9388906317372476,
    0.9458840645128681
  ],
  "test_losses": [
    1.1200885789898725,
    1.0597922549797938,
    1.0222778710035176,
    1.005906217946456,
    1.0171954035758972,
    1.003594080416056,
    1.0039082719729497,
    0.9854158770579559,
    0.9924597923572247,
    1.0063262283802032,
    0.9895966138977271,
    0.9871885487093375,
    0.9866904312601457,
    0.9936662631539198,
    0.9808535392467792,
    0.9973175858075802,
    0.9905217645260004,
    0.9798253247371087,
    0.9939027205109596,
    0.9923786899218192,
    0.9896599621726916,
    0.9769429851036805,
    0.9783572829686679,
    0.9989128038287163,
    0.9824389878373879,
    1.0170105093946824,
    0.9729751010353749,
    0.995589995613465,
    0.9706494275193948,
    0.9767308355523989,
    1.0043874629415,
    0.9781070156739309,
    0.9916587328681579,
    0.9875728820378964,
    0.9844125411831416,
    0.9867385900937594,
    1.0136618946607296,
    1.005234922354038,
    0.9984801314198054,
    1.013483899144026,
    0.9882722600148275,
    0.9872303175238463,
    0.9828817666723177,
    0.9867070196912839,
    0.9948705211281776,
    1.0001841302101429,
    0.9840676572460395,
    0.990164462190408,
    0.9977841663819093,
    0.9940436052588316
  ]
}