{
  "overall_acc": 0.7394856214523315,
  "precision": 0.7193410616229409,
  "recall": 0.9146625290923196,
  "f1": 0.805327868852459,
  "tp": 1179,
  "fp": 460,
  "fn": 110,
  "tn": 1556,
  "per_class": {
    "A0101_pos.txt": {
      "accuracy": 0.8425197005271912,
      "n": 127
    },
    "A0201_pos.txt": {
      "accuracy": 0.5134099721908569,
      "n": 261
    },
    "A0203_pos.txt": {
      "accuracy": 0.6775956153869629,
      "n": 183
    },
    "A0207_pos.txt": {
      "accuracy": 0.6646525859832764,
      "n": 331
    },
    "A0301_pos.txt": {
      "accuracy": 0.6204819083213806,
      "n": 166
    },
    "A2402_pos.txt": {
      "accuracy": 0.9049773812294006,
      "n": 221
    },
    "negs.txt": {
      "accuracy": 0.77182537317276,
      "n": 2016
    }
  }
}