{
  "train_losses": [
    2.1203023796407585,
    1.5972689838490934,
    1.4893653678078937,
    1.4350801838768854,
    1.3926150095768464,
    1.3656016567833402,
    1.3563202150866516,
    1.3350984887180166,
    1.2973058152402568,
    1.3048838784552028,
    1.2934758062036629,
    1.2657312913837595,
    1.2657736325875306,
    1.2521377893594594,
    1.2360299127733605,
    1.2273446591491373,
    1.2216722822596884,
    1.2248390021487179,
    1.210481076159029,
    1.2024588773393223,
    1.1891484214709356,
    1.1874150740794647,
    1.194117409041804,
    1.1833191519109612,
    1.1802732852789073,
    1.1793278369129214,
    1.1665653841108339,
    1.1730690542449298,
    1.164085121745737,
    1.156515412351005,
    1.1480043535558586,
    1.1572311642842414,
    1.1605185713523474,
    1.1456873070480478,
    1.1458996880767691,
    1.131932339607141,
    1.1347981834004068,
    1.1359494022833996,
    1.153688146517827,
    1.1391593696724656,
    1.1260396354218833,
    1.1207600521226215,
    1.1089915363197653,
    1.1277977727417252,
    1.1284287724739466,
    1.1135593978767722,
    1.1058808743444264,
    1.1167450521746252,
    1.1251356810586066,
    1.085869797784039
  ],
  "test_losses": [
    1.5325364057834332,
    1.3136128095480113,
    1.2400562029618483,
    1.1956307658782372,
    1.1894117226967444,
    1.157863369354835,
    1.1560196486803203,
    1.113941483772718,
    1.128511825433144,
    1.1419243652086992,
    1.1308566423562856,
    1.103563164289181,
    1.0893889780227954,
    1.1102321377167335,
    1.0799349156709819,
    1.075492913906391,
    1.0654591688743005,
    1.0895114174255958,
    1.0662704018446116,
    1.0734014832056487,
    1.0618353073413556,
    1.0562306527908032,
    1.0482579538455377,
    1.0592058071723351,
    1.0458025634288788,
    1.0432342153329115,
    1.0521573080466344,
    1.0413997356708233,
    1.0380657727901752,
    1.0500093354628637,
    1.0474204764916346,
    1.0523603879488432,
    1.039160322684508,
    1.0450504238788898,
    1.0545577017160563,
    1.0557105655853565,
    1.041316568851471,
    1.0374502126987164,
    1.0451836700622852,
    1.0525465561793401,
    1.0541670757990618,
    1.0438925073697016,
    1.0574378967285156,
    1.050044412796314,
    1.0439441066521864,
    1.0425319190208728,
    1.0410286142275884,
    1.0437456300625434,
    1.0380327632794013,
    1.0298989506868215
  ]
}