{
  "train_losses": [
    2.023446465149904,
    1.5894671423822386,
    1.4729607726773646,
    1.4071406696596716,
    1.3764955375948522,
    1.3532614310582478,
    1.3379182275543866,
    1.311748519921914,
    1.2974996261107616,
    1.276466468969981,
    1.2770876690872714,
    1.2497084222288213,
    1.2523456873037877,
    1.2384610400240645,
    1.2233682009908888,
    1.218927383932293,
    1.2050732608534331,
    1.2099828969719064,
    1.213846881674905,
    1.205489786262186,
    1.2005161266041617,
    1.1921526779476395,
    1.1714473728440766,
    1.183919008471008,
    1.1836786397501953,
    1.1714470080840282,
    1.1643159491384132,
    1.1707308842585638,
    1.1673466252465534,
    1.1461699222907042,
    1.1556239255473144,
    1.148967895242903,
    1.159378290685833,
    1.1559786414488769,
    1.1502549240731785,
    1.1356545814082153,
    1.109675540883317,
    1.1049987969235477,
    1.1079541806481843,
    1.1094987805073078,
    1.1086705260806613,
    1.0928100821299431,
    1.1182341932231545,
    1.098530408154186,
    1.097830159541888,
    1.0792996073380494,
    1.0935545828607347,
    1.0874293808244233,
    1.1028173036045499,
    1.081169772351909
  ],
  "test_losses": [
    1.4530162719579844,
    1.2815751731395721,
    1.2050499686828027,
    1.1772819367738871,
    1.159954811518009,
    1.1595727732548347,
    1.1116736554182494,
    1.1105219744718993,
    1.0974839490193586,
    1.0932631744788244,
    1.0841638904351454,
    1.0763047773104448,
    1.08070092017834,
    1.066632527571458,
    1.063709557056427,
    1.051050142599986,
    1.0501927137374878,
    1.0477549387858465,
    1.0429156514314504,
    1.0387574686453893,
    1.0418766691134527,
    1.0534778558290923,
    1.0458819086735065,
    1.0355314360215113,
    1.024978289237389,
    1.0343185777847583,
    1.0441567393449636,
    1.0315354672762065,
    1.026687897168673,
    1.0347906488638658,
    1.0287992862554698,
    1.0421162431056683,
    1.0358996047423437,
    1.029789578456145,
    1.030670933998548,
    1.0305885328696325,
    1.0280969005364637,
    1.025472560754189,
    1.0162206017054045,
    1.0253409880858202,
    1.0261795291533837,
    1.0267804700594683,
    1.0172488139225886,
    1.0187455782523522,
    1.020002841949463,
    1.0302973068677461,
    1.0225412432964032,
    1.024995281146123,
    1.0308871956971974,
    1.02361925977927
  ]
}