{
  "overall_acc": 0.7173978686332703,
  "precision": 0.6928446771378709,
  "recall": 0.9239720713731575,
  "f1": 0.7918882978723405,
  "tp": 1191,
  "fp": 528,
  "fn": 98,
  "tn": 1488,
  "per_class": {
    "A0101_pos.txt": {
      "accuracy": 0.8425197005271912,
      "n": 127
    },
    "A0201_pos.txt": {
      "accuracy": 0.5134099721908569,
      "n": 261
    },
    "A0203_pos.txt": {
      "accuracy": 0.6229507923126221,
      "n": 183
    },
    "A0207_pos.txt": {
      "accuracy": 0.6374622583389282,
      "n": 331
    },
    "A0301_pos.txt": {
      "accuracy": 0.6445783376693726,
      "n": 166
    },
    "A2402_pos.txt": {
      "accuracy": 0.9502262473106384,
      "n": 221
    },
    "negs.txt": {
      "accuracy": 0.738095223903656,
      "n": 2016
    }
  }
}