{
  "overall_acc": 0.716187596321106,
  "precision": 0.6908240794856809,
  "recall": 0.9169899146625291,
  "f1": 0.788,
  "tp": 1182,
  "fp": 529,
  "fn": 107,
  "tn": 1487,
  "per_class": {
    "A0101_pos.txt": {
      "accuracy": 0.7952755689620972,
      "n": 127
    },
    "A0201_pos.txt": {
      "accuracy": 0.524904191493988,
      "n": 261
    },
    "A0203_pos.txt": {
      "accuracy": 0.6393442749977112,
      "n": 183
    },
    "A0207_pos.txt": {
      "accuracy": 0.6797583103179932,
      "n": 331
    },
    "A0301_pos.txt": {
      "accuracy": 0.5783132314682007,
      "n": 166
    },
    "A2402_pos.txt": {
      "accuracy": 0.9230769276618958,
      "n": 221
    },
    "negs.txt": {
      "accuracy": 0.7375991940498352,
      "n": 2016
    }
  }
}