{
  "train_losses": [
    1.7987391612468622,
    1.4304376076429317,
    1.3522016400964851,
    1.3262952647657476,
    1.3013088886554425,
    1.2789532628833737,
    1.27772441939411,
    1.2541026513800662,
    1.2384116985859015,
    1.2368170022964478,
    1.2268341183662415,
    1.2280397277611952,
    1.2086703466553974,
    1.2017439394934564,
    1.2043968245514438,
    1.1962054550138295,
    1.2020378270719805,
    1.182956440326495,
    1.1846068588077512,
    1.1770447660715153,
    1.1754390597343445,
    1.1745017451098843,
    1.1822940065310552,
    1.174261703959897,
    1.1708649269536011,
    1.172400312545972,
    1.1496068636576335,
    1.1667275077257402,
    1.1512441956079924,
    1.158241818093846,
    1.1519175640538208,
    1.1622801708360004,
    1.1384753100892417,
    1.149209393395318,
    1.1554542326519632,
    1.146662778324551,
    1.1448175193917038,
    1.1417857856831999,
    1.14137940070568,
    1.1312116700359898,
    1.1457441500109484,
    1.142920189943069,
    1.1409492273615975,
    1.1311211743925371,
    1.1349319723936229,
    1.1334431263116689,
    1.1169622285753233,
    1.0966812204091976,
    1.1074970395137103,
    1.112057596190363,
    1.101385246994149,
    1.104380099182455,
    1.1040041772728293,
    1.0932984382678301,
    1.1021467814078698,
    1.1046464540000656,
    1.104696760320256,
    1.0969431094634228,
    1.1030269468951428,
    1.1017415360507803,
    1.0903304677743177,
    1.097383455842988,
    1.0932471237630925,
    1.0977683902805686,
    1.099546713197333,
    1.1007425270528874,
    1.0958419752936077,
    1.095352058736687,
    1.0897275301126332,
    1.0946332104185708,
    1.096344872417613,
    1.0852885511186388,
    1.103878615758358,
    1.0897632134266388,
    1.096186862542079,
    1.0906669782777119,
    1.0914204915364583,
    1.0897340005279605,
    1.08878673447503,
    1.0806900853784676,
    1.086596020266541,
    1.0788855848149357,
    1.092401754652333,
    1.1000677128123422,
    1.079516781700982,
    1.0703728158249814,
    1.0708186682472882,
    1.061389025969383,
    1.0662015218001146,
    1.0665447207597585,
    1.0694796244303386,
    1.0710778312805371,
    1.0700191575237827,
    1.076223131428417,
    1.0800359804406126,
    1.0674644846182604,
    1.0765106728953173,
    1.0702563126881917,
    1.069992674721612,
    1.0767885813346276
  ],
  "test_losses": [
    1.3468912014594445,
    1.2432389763685374,
    1.1853373417487512,
    1.162953285070566,
    1.1513131856918335,
    1.1432941005780146,
    1.125422470844709,
    1.1075217930170207,
    1.1276764869689941,
    1.109993971311129,
    1.1122529621307666,
    1.1042594130222614,
    1.094220051398644,
    1.0908413850344145,
    1.0939133419440343,
    1.088611887051509,
    1.0813602323715503,
    1.0908463574372804,
    1.0903728260443761,
    1.0776918530464172,
    1.081789486683332,
    1.079925461457326,
    1.07987848841227,
    1.0707833239665399,
    1.0866095286149244,
    1.0815837039397314,
    1.0767332842716804,
    1.0885544556837816,
    1.0821117552427144,
    1.0668281958653376,
    1.0737089285483727,
    1.0855000867293432,
    1.0706603595843682,
    1.0857894260149736,
    1.0801351918623998,
    1.070275870653299,
    1.069297153216142,
    1.0748670651362493,
    1.0730270720445192,
    1.0900226395863752,
    1.0789698293575873,
    1.081725198488969,
    1.0819987494211931,
    1.0798503825297723,
    1.0739262333283057,
    1.0738284519085517,
    1.0717103893940265,
    1.0652413322375371,
    1.0668507997806256,
    1.0800315348001628,
    1.0699244370827308,
    1.067653328180313,
    1.0735935064462514,
    1.069385120501885,
    1.0726699072581072,
    1.0664737247503722,
    1.0710825392833123,
    1.069941731599661,
    1.0734679125822508,
    1.0778040175254529,
    1.0688524842262268,
    1.0649914810290704,
    1.0659142572146196,
    1.074908442222155,
    1.077539203258661,
    1.0733889364279234,
    1.0733142724403968,
    1.0615053658302014,
    1.0799939999213586,
    1.0759903971965497,
    1.0672101034567907,
    1.0678486227989197,
    1.0693878393906813,
    1.0795989013635194,
    1.0761054112361028,
    1.0777820646762848,
    1.0774877690351927,
    1.0697192137057965,
    1.0713293368999774,
    1.0701764180110052,
    1.0716666074899526,
    1.0733771713880391,
    1.0753226303137267,
    1.0669187032259428,
    1.0653528181406169,
    1.068804674423658,
    1.0715250212412615,
    1.0730100228236272,
    1.067536432009477,
    1.0694220822591047,
    1.0669839771894307,
    1.068404319194647,
    1.0718457309099345,
    1.0718584931813753,
    1.0740303007455974,
    1.072820592385072,
    1.0731773261840527,
    1.0694215366473565,
    1.075567399079983,
    1.0748054087162018
  ]
}