{
  "overall_acc": 0.7561270594596863,
  "precision": 0.7483530961791831,
  "recall": 0.8813033359193173,
  "f1": 0.8094050587816174,
  "tp": 1136,
  "fp": 382,
  "fn": 153,
  "tn": 1634,
  "per_class": {
    "A0101_pos.txt": {
      "accuracy": 0.787401556968689,
      "n": 127
    },
    "A0201_pos.txt": {
      "accuracy": 0.5057471394538879,
      "n": 261
    },
    "A0203_pos.txt": {
      "accuracy": 0.6448087692260742,
      "n": 183
    },
    "A0207_pos.txt": {
      "accuracy": 0.6888217329978943,
      "n": 331
    },
    "A0301_pos.txt": {
      "accuracy": 0.5240963697433472,
      "n": 166
    },
    "A2402_pos.txt": {
      "accuracy": 0.9049773812294006,
      "n": 221
    },
    "negs.txt": {
      "accuracy": 0.8105158805847168,
      "n": 2016
    }
  }
}