{
  "train_losses": [
    2.052231405535315,
    1.535359829918951,
    1.4151583339414027,
    1.359476568352463,
    1.3150703642103407,
    1.285850039914123,
    1.2672010002992091,
    1.2301692422638593,
    1.207184829773047,
    1.2029756205713646,
    1.1789450696390917,
    1.1714242691667671,
    1.1537899914969745,
    1.1569619219527285,
    1.141493823283758,
    1.1197562457149863,
    1.1210375316122658,
    1.0992276357789326,
    1.1002497341897752,
    1.0908318778388522,
    1.0753504333333073,
    1.0807787898259285,
    1.0723150881946597,
    1.05763052824216,
    1.062254167520083,
    1.0509012840751908,
    1.052750323063288,
    1.0228837015282395,
    1.0048513218887851,
    0.9927744192954822,
    0.9929050798090095,
    0.9909699228074815,
    0.9729726818891672,
    0.9696404679208739,
    0.96667487702818,
    0.9612148888090737,
    0.9619455831682581,
    0.958391060686519,
    0.9547694218464386,
    0.9479944965778253,
    0.939549110384069,
    0.9355163477424883,
    0.9339400137591566,
    0.9438315059384729,
    0.9362692573131659,
    0.9252380407773532,
    0.9249971707661947,
    0.9255683146990262,
    0.9219224870714366,
    0.9178099372448065
  ],
  "test_losses": [
    1.429463728116109,
    1.2829130773360913,
    1.2013544531968923,
    1.1803340178269606,
    1.1506934784925902,
    1.1404201136185572,
    1.1229181060424218,
    1.128208889411046,
    1.0976881086826324,
    1.1001638930577498,
    1.1089498584087079,
    1.1065539442575896,
    1.0986484816441169,
    1.103227218756309,
    1.0962754969413464,
    1.085276294213075,
    1.104523981993015,
    1.1039071220618029,
    1.098040977349648,
    1.0904469283727498,
    1.120151719221702,
    1.0914645745204046,
    1.0983335627959325,
    1.0996852012780995,
    1.0961242088904748,
    1.0990179089399486,
    1.0888911760770357,
    1.1058461505633135,
    1.0960190777595227,
    1.1155893963116865,
    1.1190987206422365,
    1.120106761272137,
    1.1368776261806488,
    1.1181139923059022,
    1.1124745378127465,
    1.136463470183886,
    1.137764559342311,
    1.1309030812520247,
    1.1446681458216448,
    1.141008734703064,
    1.131077534877337,
    1.1458212733268738,
    1.1412157530968006,
    1.1319950383443098,
    1.1427032466118152,
    1.146453809279662,
    1.172138436482503,
    1.1721139366810138,
    1.1594907641410828,
    1.1654517879852881
  ]
}