{
  "overall_acc": 0.716187596321106,
  "precision": 0.6919513607411697,
  "recall": 0.9270752521334368,
  "f1": 0.7924403183023873,
  "tp": 1195,
  "fp": 532,
  "fn": 94,
  "tn": 1484,
  "per_class": {
    "A0101_pos.txt": {
      "accuracy": 0.787401556968689,
      "n": 127
    },
    "A0201_pos.txt": {
      "accuracy": 0.5517241358757019,
      "n": 261
    },
    "A0203_pos.txt": {
      "accuracy": 0.6010928750038147,
      "n": 183
    },
    "A0207_pos.txt": {
      "accuracy": 0.6616314053535461,
      "n": 331
    },
    "A0301_pos.txt": {
      "accuracy": 0.6265060305595398,
      "n": 166
    },
    "A2402_pos.txt": {
      "accuracy": 0.9321267008781433,
      "n": 221
    },
    "negs.txt": {
      "accuracy": 0.7361111044883728,
      "n": 2016
    }
  }
}